<!DOCTYPE suite SYSTEM "https://testng.org/testng-1.0.dtd" >
<suite name="BrowserStack Suite">
      <test name="Simple TestNG Test">
         <parameter name="os" value="Windows"></parameter>
         <parameter name="osVersion" value="10"></parameter>
          <parameter name="browser" value="Chrome"></parameter>
           <parameter name="browserVersion" value="120"></parameter>
        <classes>
         <class name="ccstDemo.Login1_SauceDemo_TestNG2"/>    
        </classes>
       </test>
    
</suite>
